title,price,url
Haider,N/A,https://saeedghani.pk/collections/perfumes-for-men/products/haider-luxury-perfume
Ishq,N/A,https://saeedghani.pk/collections/perfumes-for-men/products/ishq
Sunblock SPF 60 with Vitamin C,N/A,https://saeedghani.pk/collections/perfumes-for-men/products/oil-free-sunblock-with-vitamin-c-spf-60
Sunblock SPF 60 with Vitamin C,N/A,https://saeedghani.pk/products/oil-free-sunblock-with-vitamin-c-spf-60
Vitamin C SPF 30 Lotion,N/A,https://saeedghani.pk/collections/perfumes-for-men/products/vitamin-c-spf-30-fusion-lotion
Activated Charcoal Detox & Cleanse Face Wash,N/A,https://saeedghani.pk/collections/perfumes-for-men/products/activated-charcoal-face-wash
Activated Charcoal Detox & Cleanse Face Wash,N/A,https://saeedghani.pk/products/activated-charcoal-face-wash
Anti Aging Retinol Night Cream,N/A,https://saeedghani.pk/collections/perfumes-for-men/products/anti-aging-retinol-night-cream
Buraq - Gift Edition,N/A,https://saeedghani.pk/collections/perfumes-for-men/products/buraq
Tasavvur - Gift Edition,N/A,https://saeedghani.pk/collections/perfumes-for-men/products/tasavvur-50ml
The Gentlemen - Gift Edition,N/A,https://saeedghani.pk/collections/perfumes-for-men/products/the-gentlemen-gift-edition
Taimur - Gift Edition,N/A,https://saeedghani.pk/collections/perfumes-for-men/products/taimur-50ml
Majestic Oudh - Gift Edition,N/A,https://saeedghani.pk/collections/perfumes-for-men/products/majestic-oudh-gift-edition
Obsession,N/A,https://saeedghani.pk/collections/perfumes-for-men/products/creed-aventus-our-impression
Escape,N/A,https://saeedghani.pk/collections/perfumes-for-men/products/escape
Intense Passion,N/A,https://saeedghani.pk/collections/perfumes-for-men/products/dunhill-desire-our-impression
Kingdom,N/A,https://saeedghani.pk/collections/perfumes-for-men/products/kingdom-inspired-by-bleu-de-chanel
Imperial,N/A,https://saeedghani.pk/collections/perfumes-for-men/products/imperial
Prime,N/A,https://saeedghani.pk/collections/perfumes-for-men/products/prime
Majestic Oudh,N/A,https://saeedghani.pk/collections/perfumes-for-men/products/majestic-oudh
Blue,N/A,https://saeedghani.pk/collections/perfumes-for-men/products/blue
Temptation,N/A,https://saeedghani.pk/collections/perfumes-for-men/products/temptation-inspired-by-ck-one
Eternal Blend,N/A,https://saeedghani.pk/collections/perfumes-for-men/products/eternal-blend-inspired-by-issey-miyake
Signature,N/A,https://saeedghani.pk/collections/perfumes-for-men/products/sauvage-our-impression
Everlast,N/A,https://saeedghani.pk/collections/perfumes-for-men/products/everlast-inspired-by-eternity
Hugo Essence,N/A,https://saeedghani.pk/collections/perfumes-for-men/products/hugo-boss-our-impression
Cool Breeze,N/A,https://saeedghani.pk/collections/perfumes-for-men/products/cool-breeze-inspired-by-cool-water
Cuban Nights,N/A,https://saeedghani.pk/collections/perfumes-for-men/products/cuban-nights-inspired-by-cigar
Sabaya,N/A,https://saeedghani.pk/collections/perfumes-for-men/products/sabaya-our-impression
White Oud,N/A,https://saeedghani.pk/collections/perfumes-for-men/products/white-oud-2
Ghilaf e Kaaba,N/A,https://saeedghani.pk/collections/perfumes-for-men/products/ghilaf-e-kaaba
Succession,N/A,https://saeedghani.pk/collections/perfumes-for-men/products/212-men-our-impression
Dark,N/A,https://saeedghani.pk/collections/perfumes-for-men/products/gucci-guilty-our-impression
Infinite,N/A,https://saeedghani.pk/collections/perfumes-for-men/products/one-million-our-impression
Imagination,N/A,https://saeedghani.pk/collections/perfumes-for-men/products/creed-silver-mountain-our-impression
Absolute,N/A,https://saeedghani.pk/collections/perfumes-for-men/products/terre-dhermes-our-impression
Luxury Perfumes Trio,N/A,https://saeedghani.pk/collections/perfumes-for-men/products/luxury-perfumes-trio
Luxury Attar Trio,N/A,https://saeedghani.pk/collections/perfumes-for-men/products/luxury-attar-trio
Luxury Attar Duo,N/A,https://saeedghani.pk/collections/perfumes-for-men/products/luxury-attar-duo
Bundle of 4 Arabic Attars at the price of 3,N/A,https://saeedghani.pk/collections/perfumes-for-men/products/bundle-of-4-arabic-attars-at-the-price-of-3
Pack of 4 Signature Perfumes at the price of 3,N/A,https://saeedghani.pk/collections/perfumes-for-men/products/4-signature-perfume-at-the-price-of-3
Best Seller Attar Bundle for Men,N/A,https://saeedghani.pk/collections/perfumes-for-men/products/best-seller-attar-bundle-for-men
Bundle of 4 Attars at the price of 3,N/A,https://saeedghani.pk/collections/perfumes-for-men/products/bundle-of-4-attars-at-the-price-of-3
Bundle of 4 Attars at the price of 3,N/A,https://saeedghani.pk/products/bundle-of-4-attars-at-the-price-of-3
Signature Scents: Best Seller Collection for Him & Her,N/A,https://saeedghani.pk/collections/perfumes-for-men/products/best-seller-signature-perfumes-bundle-for-men-and-women
Best Seller Attar Bundle for Men & Women,N/A,https://saeedghani.pk/collections/perfumes-for-men/products/best-seller-attar-bundle-for-men-women
