name,price,image,rating,reviews
WASIM AKRAM 502,"PKR 5,900.00","https://www.junaidjamshed.com/media/catalog/product/w/a/wasim_akram_502_1__3_1.jpg?optimize=medium&bg-color=255,255,255&fit=bounds&height=755&width=589&canvas=589:755",,
MIKA,"PKR 3,000.00","https://www.junaidjamshed.com/media/catalog/product/m/i/mika-front_1_1.jpg?optimize=medium&bg-color=255,255,255&fit=bounds&height=755&width=589&canvas=589:755",,
KHUMAR,"PKR 4,300.00","https://www.junaidjamshed.com/media/catalog/product/k/h/khumaar1_2_1.jpg?optimize=medium&bg-color=255,255,255&fit=bounds&height=755&width=589&canvas=589:755",,
EDGE,"PKR 5,800.00","https://www.junaidjamshed.com/media/catalog/product/e/d/edge_1__1.jpg?optimize=medium&bg-color=255,255,255&fit=bounds&height=755&width=589&canvas=589:755",,
J.EXCLUSIVE,"PKR 4,300.00","https://www.junaidjamshed.com/media/catalog/product/e/x/exclusive_1__2.jpg?optimize=medium&bg-color=255,255,255&fit=bounds&height=755&width=589&canvas=589:755",,
WHITE MUSK,"PKR 4,500.00","https://www.junaidjamshed.com/media/catalog/product/w/h/white_musk1_1.jpg?optimize=medium&bg-color=255,255,255&fit=bounds&height=755&width=589&canvas=589:755",,
ADDICTED,"PKR 5,700.00",https://www.junaidjamshed.com/static/version1747686471/frontend/Rltsquare/junaidjamshed/en_US/WeltPixel_LazyLoading/images/Loader.gif,,
ZARAR GOLD,"PKR 4,400.00",https://www.junaidjamshed.com/static/version1747686471/frontend/Rltsquare/junaidjamshed/en_US/WeltPixel_LazyLoading/images/Loader.gif,,
WASIM AKRAM 414,"PKR 5,300.00",https://www.junaidjamshed.com/static/version1747686471/frontend/Rltsquare/junaidjamshed/en_US/WeltPixel_LazyLoading/images/Loader.gif,,
JANAN GOLD POUR HOMME PERFUME BODY SPRAY,PKR 700.00,https://www.junaidjamshed.com/static/version1747686471/frontend/Rltsquare/junaidjamshed/en_US/WeltPixel_LazyLoading/images/Loader.gif,,
OUD-AL-JUNAID,"PKR 4,400.00",https://www.junaidjamshed.com/static/version1747686471/frontend/Rltsquare/junaidjamshed/en_US/WeltPixel_LazyLoading/images/Loader.gif,,
INTENSO,"PKR 5,000.00",https://www.junaidjamshed.com/static/version1747686471/frontend/Rltsquare/junaidjamshed/en_US/WeltPixel_LazyLoading/images/Loader.gif,,
RHYTHM POUR HOMME,"PKR 5,000.00",https://www.junaidjamshed.com/static/version1747686471/frontend/Rltsquare/junaidjamshed/en_US/WeltPixel_LazyLoading/images/Loader.gif,,
VOCAL,"PKR 7,000.00",https://www.junaidjamshed.com/static/version1747686471/frontend/Rltsquare/junaidjamshed/en_US/WeltPixel_LazyLoading/images/Loader.gif,,
JANAN SPORT POUR HOMME PERFUME BODY SPRAY,PKR 700.00,https://www.junaidjamshed.com/static/version1747686471/frontend/Rltsquare/junaidjamshed/en_US/WeltPixel_LazyLoading/images/Loader.gif,,
J. EXCLUSIVE INTENSE,"PKR 4,500.00",https://www.junaidjamshed.com/static/version1747686471/frontend/Rltsquare/junaidjamshed/en_US/WeltPixel_LazyLoading/images/Loader.gif,,
MUSK-E-SHAHEER ATTAR,"PKR 2,800.00",https://www.junaidjamshed.com/static/version1747686471/frontend/Rltsquare/junaidjamshed/en_US/WeltPixel_LazyLoading/images/Loader.gif,,
SHAHEER,"PKR 4,400.00",https://www.junaidjamshed.com/static/version1747686471/frontend/Rltsquare/junaidjamshed/en_US/WeltPixel_LazyLoading/images/Loader.gif,,
ZARAR POUR HOMME PERFUME BODY SPRAY,PKR 700.00,https://www.junaidjamshed.com/static/version1747686471/frontend/Rltsquare/junaidjamshed/en_US/WeltPixel_LazyLoading/images/Loader.gif,,
SPARK,"PKR 5,000.00",https://www.junaidjamshed.com/static/version1747686471/frontend/Rltsquare/junaidjamshed/en_US/WeltPixel_LazyLoading/images/Loader.gif,,
TAREEKH,"PKR 4,100.00",https://www.junaidjamshed.com/static/version1747686471/frontend/Rltsquare/junaidjamshed/en_US/WeltPixel_LazyLoading/images/Loader.gif,,
OUDH QADIM,"PKR 5,000.00",https://www.junaidjamshed.com/static/version1747686471/frontend/Rltsquare/junaidjamshed/en_US/WeltPixel_LazyLoading/images/Loader.gif,,
STALLION POUR HOMME BODY SPRAY,PKR 650.00,https://www.junaidjamshed.com/static/version1747686471/frontend/Rltsquare/junaidjamshed/en_US/WeltPixel_LazyLoading/images/Loader.gif,,
RHYTHM POUR HOMME PERFUME BODY SPRAY,PKR 700.00,https://www.junaidjamshed.com/static/version1747686471/frontend/Rltsquare/junaidjamshed/en_US/WeltPixel_LazyLoading/images/Loader.gif,,
LEGACY,"PKR 7,100.00",https://www.junaidjamshed.com/static/version1747686471/frontend/Rltsquare/junaidjamshed/en_US/WeltPixel_LazyLoading/images/Loader.gif,,
ULTRA,"PKR 3,400.00",https://www.junaidjamshed.com/static/version1747686471/frontend/Rltsquare/junaidjamshed/en_US/WeltPixel_LazyLoading/images/Loader.gif,,
CLUBHOUSE POUR HOMME BODY SPRAY,PKR 650.00,https://www.junaidjamshed.com/static/version1747686471/frontend/Rltsquare/junaidjamshed/en_US/WeltPixel_LazyLoading/images/Loader.gif,,
J.BURN POUR HOMME BODY SPRAY,PKR 650.00,https://www.junaidjamshed.com/static/version1747686471/frontend/Rltsquare/junaidjamshed/en_US/WeltPixel_LazyLoading/images/Loader.gif,,
ZARAR,"PKR 4,400.00",https://www.junaidjamshed.com/static/version1747686471/frontend/Rltsquare/junaidjamshed/en_US/WeltPixel_LazyLoading/images/Loader.gif,,
ALL-ROUNDER | SHOAIB MALIK,"PKR 7,500.00",https://www.junaidjamshed.com/static/version1747686471/frontend/Rltsquare/junaidjamshed/en_US/WeltPixel_LazyLoading/images/Loader.gif,,
JANAN OUD,"PKR 7,100.00",https://www.junaidjamshed.com/static/version1747686471/frontend/Rltsquare/junaidjamshed/en_US/WeltPixel_LazyLoading/images/Loader.gif,,
ZARAR BLEU,"PKR 5,000.00",https://www.junaidjamshed.com/static/version1747686471/frontend/Rltsquare/junaidjamshed/en_US/WeltPixel_LazyLoading/images/Loader.gif,,
JANAN OUD - 30ml,"PKR 2,800.00",https://www.junaidjamshed.com/static/version1747686471/frontend/Rltsquare/junaidjamshed/en_US/WeltPixel_LazyLoading/images/Loader.gif,,
JANAN PLATINUM POUR HOMME PERFUME BODY SPRAY,PKR 700.00,https://www.junaidjamshed.com/static/version1747686471/frontend/Rltsquare/junaidjamshed/en_US/WeltPixel_LazyLoading/images/Loader.gif,,
VOYAGER,"PKR 3,900.00",https://www.junaidjamshed.com/static/version1747686471/frontend/Rltsquare/junaidjamshed/en_US/WeltPixel_LazyLoading/images/Loader.gif,,
YOUNGER DAYS,"PKR 1,600.00",https://www.junaidjamshed.com/static/version1747686471/frontend/Rltsquare/junaidjamshed/en_US/WeltPixel_LazyLoading/images/Loader.gif,,
RULER,"PKR 11,000.00","https://www.junaidjamshed.com/media/catalog/product/r/u/ruler_2_.jpg?optimize=medium&bg-color=255,255,255&fit=bounds&height=755&width=589&canvas=589:755",,
ZARAR GOLD - 30ml,"PKR 2,200.00","https://www.junaidjamshed.com/media/catalog/product/z/a/zarar_gold_resizes_1_.jpg?optimize=medium&bg-color=255,255,255&fit=bounds&height=755&width=589&canvas=589:755",,
DEEP BLACK,"PKR 1,800.00","https://www.junaidjamshed.com/media/catalog/product/d/e/deep_black_2__1.jpg?optimize=medium&bg-color=255,255,255&fit=bounds&height=755&width=589&canvas=589:755",,
SHER DIL,"PKR 11,800.00",https://www.junaidjamshed.com/static/version1747686471/frontend/Rltsquare/junaidjamshed/en_US/WeltPixel_LazyLoading/images/Loader.gif,,
KHUMAR - 30ml,"PKR 2,100.00",https://www.junaidjamshed.com/static/version1747686471/frontend/Rltsquare/junaidjamshed/en_US/WeltPixel_LazyLoading/images/Loader.gif,,
BLUE SOUL,"PKR 1,600.00",https://www.junaidjamshed.com/static/version1747686471/frontend/Rltsquare/junaidjamshed/en_US/WeltPixel_LazyLoading/images/Loader.gif,,
MARINE,"PKR 11,800.00",https://www.junaidjamshed.com/static/version1747686471/frontend/Rltsquare/junaidjamshed/en_US/WeltPixel_LazyLoading/images/Loader.gif,,
Jahangir Khan 555,"PKR 8,200.00",https://www.junaidjamshed.com/static/version1747686471/frontend/Rltsquare/junaidjamshed/en_US/WeltPixel_LazyLoading/images/Loader.gif,,
SILENCIO,"PKR 1,600.00",https://www.junaidjamshed.com/static/version1747686471/frontend/Rltsquare/junaidjamshed/en_US/WeltPixel_LazyLoading/images/Loader.gif,,
JANAN INTENSE,"PKR 7,100.00",https://www.junaidjamshed.com/static/version1747686471/frontend/Rltsquare/junaidjamshed/en_US/WeltPixel_LazyLoading/images/Loader.gif,,
IMPERIAL OUD,"PKR 5,900.00",https://www.junaidjamshed.com/static/version1747686471/frontend/Rltsquare/junaidjamshed/en_US/WeltPixel_LazyLoading/images/Loader.gif,,
BLACK MUSK,"PKR 4,900.00",https://www.junaidjamshed.com/static/version1747686471/frontend/Rltsquare/junaidjamshed/en_US/WeltPixel_LazyLoading/images/Loader.gif,,
ZARAR BLEU - 30ml,"PKR 2,400.00",https://www.junaidjamshed.com/static/version1747686471/frontend/Rltsquare/junaidjamshed/en_US/WeltPixel_LazyLoading/images/Loader.gif,,
UNTAMED SPIRIT,"PKR 1,600.00",https://www.junaidjamshed.com/static/version1747686471/frontend/Rltsquare/junaidjamshed/en_US/WeltPixel_LazyLoading/images/Loader.gif,,
DISCOVERY SET FOR HIM,"PKR 8,100.00",https://www.junaidjamshed.com/static/version1747686471/frontend/Rltsquare/junaidjamshed/en_US/WeltPixel_LazyLoading/images/Loader.gif,,
DEEP BLUE,"PKR 1,800.00",https://www.junaidjamshed.com/static/version1747686471/frontend/Rltsquare/junaidjamshed/en_US/WeltPixel_LazyLoading/images/Loader.gif,,
GOLD SHIMMER,"PKR 1,600.00",https://www.junaidjamshed.com/static/version1747686471/frontend/Rltsquare/junaidjamshed/en_US/WeltPixel_LazyLoading/images/Loader.gif,,
BLESS,"PKR 4,400.00",https://www.junaidjamshed.com/static/version1747686471/frontend/Rltsquare/junaidjamshed/en_US/WeltPixel_LazyLoading/images/Loader.gif,,
KHUMAR RED,"PKR 5,000.00",https://www.junaidjamshed.com/static/version1747686471/frontend/Rltsquare/junaidjamshed/en_US/WeltPixel_LazyLoading/images/Loader.gif,,
1947 | DIL DIL PAKISTAN,"PKR 8,000.00",https://www.junaidjamshed.com/static/version1747686471/frontend/Rltsquare/junaidjamshed/en_US/WeltPixel_LazyLoading/images/Loader.gif,,
MIKA NOIR,"PKR 3,100.00",https://www.junaidjamshed.com/static/version1747686471/frontend/Rltsquare/junaidjamshed/en_US/WeltPixel_LazyLoading/images/Loader.gif,,
WARRIOR POUR HOMME,"PKR 19,500.00",https://www.junaidjamshed.com/static/version1747686471/frontend/Rltsquare/junaidjamshed/en_US/WeltPixel_LazyLoading/images/Loader.gif,,
ZIYA PLATINUM ATTAR,"PKR 5,100.00",https://www.junaidjamshed.com/static/version1747686471/frontend/Rltsquare/junaidjamshed/en_US/WeltPixel_LazyLoading/images/Loader.gif,,
IMPERIAL OUD | ATTAR,"PKR 3,400.00",https://www.junaidjamshed.com/static/version1747686471/frontend/Rltsquare/junaidjamshed/en_US/WeltPixel_LazyLoading/images/Loader.gif,,
ZIYA SILVER ATTAR,"PKR 5,100.00",https://www.junaidjamshed.com/static/version1747686471/frontend/Rltsquare/junaidjamshed/en_US/WeltPixel_LazyLoading/images/Loader.gif,,
CLASSIQUE POUR HOMME | ADNAN SIDDIQUI,"PKR 6,700.00",https://www.junaidjamshed.com/static/version1747686471/frontend/Rltsquare/junaidjamshed/en_US/WeltPixel_LazyLoading/images/Loader.gif,,
ZIYA GOLD ATTAR,"PKR 5,100.00",https://www.junaidjamshed.com/static/version1747686471/frontend/Rltsquare/junaidjamshed/en_US/WeltPixel_LazyLoading/images/Loader.gif,,
SUPER STAR POUR HOMME | HUMAYUN SAEED,"PKR 7,700.00",https://www.junaidjamshed.com/static/version1747686471/frontend/Rltsquare/junaidjamshed/en_US/WeltPixel_LazyLoading/images/Loader.gif,,
GREAT SUMMIT,"PKR 5,100.00",https://www.junaidjamshed.com/static/version1747686471/frontend/Rltsquare/junaidjamshed/en_US/WeltPixel_LazyLoading/images/Loader.gif,,
1 - POUR HOMME,PKR 900.00,https://www.junaidjamshed.com/static/version1747686471/frontend/Rltsquare/junaidjamshed/en_US/WeltPixel_LazyLoading/images/Loader.gif,,
BLACK MUSK - 30ml,"PKR 2,200.00",https://www.junaidjamshed.com/static/version1747686471/frontend/Rltsquare/junaidjamshed/en_US/WeltPixel_LazyLoading/images/Loader.gif,,
OUDH QADIM | ATTAR,"PKR 3,400.00",https://www.junaidjamshed.com/static/version1747686471/frontend/Rltsquare/junaidjamshed/en_US/WeltPixel_LazyLoading/images/Loader.gif,,
MIDNIGHT OUD,"PKR 3,000.00",https://www.junaidjamshed.com/static/version1747686471/frontend/Rltsquare/junaidjamshed/en_US/WeltPixel_LazyLoading/images/Loader.gif,,
ZARAR - GIFT SET,"PKR 7,500.00",https://www.junaidjamshed.com/static/version1747686471/frontend/Rltsquare/junaidjamshed/en_US/WeltPixel_LazyLoading/images/Loader.gif,,
5 - POUR HOMME,PKR 900.00,https://www.junaidjamshed.com/static/version1747686471/frontend/Rltsquare/junaidjamshed/en_US/WeltPixel_LazyLoading/images/Loader.gif,,
RHYTHM FIRE,"PKR 5,700.00",https://www.junaidjamshed.com/static/version1747686471/frontend/Rltsquare/junaidjamshed/en_US/WeltPixel_LazyLoading/images/Loader.gif,,
JANAN TOBACCO,"PKR 7,100.00","https://www.junaidjamshed.com/media/catalog/product/j/a/janan_tobacco_1__1.jpg?optimize=medium&bg-color=255,255,255&fit=bounds&height=755&width=589&canvas=589:755",,
ROYAL OUD,"PKR 3,000.00","https://www.junaidjamshed.com/media/catalog/product/r/o/royal_oud_1_.jpg?optimize=medium&bg-color=255,255,255&fit=bounds&height=755&width=589&canvas=589:755",,
2 - POUR HOMME,PKR 900.00,"https://www.junaidjamshed.com/media/catalog/product/m/e/men_2_2_.jpg?optimize=medium&bg-color=255,255,255&fit=bounds&height=755&width=589&canvas=589:755",,
VELVET MUSK,"PKR 3,000.00","https://www.junaidjamshed.com/media/catalog/product/v/a/valvet_musk_1_.jpg?optimize=medium&bg-color=255,255,255&fit=bounds&height=755&width=589&canvas=589:755",,
ATTAR-E-ZAYAN,"PKR 8,200.00","https://www.junaidjamshed.com/media/catalog/product/z/a/zayan_1_.jpg?optimize=medium&bg-color=255,255,255&fit=bounds&height=755&width=589&canvas=589:755",,
4 - POUR HOMME,PKR 900.00,"https://www.junaidjamshed.com/media/catalog/product/m/e/men_4_1_.jpg?optimize=medium&bg-color=255,255,255&fit=bounds&height=755&width=589&canvas=589:755",,
KHUMAR RED - 30ml,"PKR 2,400.00",https://www.junaidjamshed.com/static/version1747686471/frontend/Rltsquare/junaidjamshed/en_US/WeltPixel_LazyLoading/images/Loader.gif,,
JANAN SPORT - GIFT SET,"PKR 9,000.00",https://www.junaidjamshed.com/static/version1747686471/frontend/Rltsquare/junaidjamshed/en_US/WeltPixel_LazyLoading/images/Loader.gif,,
PURE MUSK,"PKR 2,800.00",https://www.junaidjamshed.com/static/version1747686471/frontend/Rltsquare/junaidjamshed/en_US/WeltPixel_LazyLoading/images/Loader.gif,,
3 - POUR HOMME,PKR 900.00,https://www.junaidjamshed.com/static/version1747686471/frontend/Rltsquare/junaidjamshed/en_US/WeltPixel_LazyLoading/images/Loader.gif,,
ENDEAVOR - NO GAS POUR HOMME BODY SPRAY,PKR 800.00,https://www.junaidjamshed.com/static/version1747686471/frontend/Rltsquare/junaidjamshed/en_US/WeltPixel_LazyLoading/images/Loader.gif,,
ROUGUE - NO GAS POUR HOMME BODY SPRAY,PKR 800.00,https://www.junaidjamshed.com/static/version1747686471/frontend/Rltsquare/junaidjamshed/en_US/WeltPixel_LazyLoading/images/Loader.gif,,
PINNACLE - NO GAS POUR HOMME BODY SPRAY,PKR 800.00,https://www.junaidjamshed.com/static/version1747686471/frontend/Rltsquare/junaidjamshed/en_US/WeltPixel_LazyLoading/images/Loader.gif,,
ECLIPSE - NO GAS POUR HOMME BODY SPRAY,PKR 800.00,https://www.junaidjamshed.com/static/version1747686471/frontend/Rltsquare/junaidjamshed/en_US/WeltPixel_LazyLoading/images/Loader.gif,,
VORTEX - NO GAS POUR HOMME BODY SPRAY,PKR 800.00,https://www.junaidjamshed.com/static/version1747686471/frontend/Rltsquare/junaidjamshed/en_US/WeltPixel_LazyLoading/images/Loader.gif,,
EXODUS - NO GAS POUR HOMME BODY SPRAY,PKR 800.00,https://www.junaidjamshed.com/static/version1747686471/frontend/Rltsquare/junaidjamshed/en_US/WeltPixel_LazyLoading/images/Loader.gif,,
ENIGMA - NO GAS POUR HOMME BODY SPRAY,PKR 800.00,https://www.junaidjamshed.com/static/version1747686471/frontend/Rltsquare/junaidjamshed/en_US/WeltPixel_LazyLoading/images/Loader.gif,,
SILK OUD,"PKR 4,000.00",https://www.junaidjamshed.com/static/version1747686471/frontend/Rltsquare/junaidjamshed/en_US/WeltPixel_LazyLoading/images/Loader.gif,,
ROSE SAFFRON,"PKR 3,000.00",https://www.junaidjamshed.com/static/version1747686471/frontend/Rltsquare/junaidjamshed/en_US/WeltPixel_LazyLoading/images/Loader.gif,,
VELOCITY - NO GAS POUR HOMME BODY SPRAY,PKR 800.00,https://www.junaidjamshed.com/static/version1747686471/frontend/Rltsquare/junaidjamshed/en_US/WeltPixel_LazyLoading/images/Loader.gif,,
PURPLE AMBER,"PKR 3,000.00",https://www.junaidjamshed.com/static/version1747686471/frontend/Rltsquare/junaidjamshed/en_US/WeltPixel_LazyLoading/images/Loader.gif,,
JANAN VANILLA,"PKR 7,100.00",https://www.junaidjamshed.com/static/version1747686471/frontend/Rltsquare/junaidjamshed/en_US/WeltPixel_LazyLoading/images/Loader.gif,,
SANDAL DREAM,"PKR 4,000.00",https://www.junaidjamshed.com/static/version1747686471/frontend/Rltsquare/junaidjamshed/en_US/WeltPixel_LazyLoading/images/Loader.gif,,
BLACK ICE POUR HOMME,"PKR 4,700.00",https://www.junaidjamshed.com/static/version1747686471/frontend/Rltsquare/junaidjamshed/en_US/WeltPixel_LazyLoading/images/Loader.gif,,
CHROMATIC ELEGANCE,"PKR 2,900.00",https://www.junaidjamshed.com/static/version1747686471/frontend/Rltsquare/junaidjamshed/en_US/WeltPixel_LazyLoading/images/Loader.gif,,
CITRUS OASIS,"PKR 2,900.00",https://www.junaidjamshed.com/static/version1747686471/frontend/Rltsquare/junaidjamshed/en_US/WeltPixel_LazyLoading/images/Loader.gif,,
HARMONIC RETREAT,"PKR 2,900.00",https://www.junaidjamshed.com/static/version1747686471/frontend/Rltsquare/junaidjamshed/en_US/WeltPixel_LazyLoading/images/Loader.gif,,
SERENE STROKES,"PKR 2,900.00",https://www.junaidjamshed.com/static/version1747686471/frontend/Rltsquare/junaidjamshed/en_US/WeltPixel_LazyLoading/images/Loader.gif,,
JANAN SPORT,"PKR 6,600.00",https://www.junaidjamshed.com/static/version1747686471/frontend/Rltsquare/junaidjamshed/en_US/WeltPixel_LazyLoading/images/Loader.gif,,
JANAN PLATINUM,"PKR 6,800.00",https://www.junaidjamshed.com/static/version1747686471/frontend/Rltsquare/junaidjamshed/en_US/WeltPixel_LazyLoading/images/Loader.gif,,
JANAN GOLD,"PKR 6,600.00",https://www.junaidjamshed.com/static/version1747686471/frontend/Rltsquare/junaidjamshed/en_US/WeltPixel_LazyLoading/images/Loader.gif,,
